"tabela","categoria","idade_cat","sexo","prev_excesso","erro_excesso","prev_obesidade","erro_obesidade"
"geral","geral","0 - 5m","Feminino",8.85,0.09,2.8,0.05
"geral","geral","0 - 5m","Masculino",10.47,0.09,3.39,0.05
"geral","geral","06 - 11m","Feminino",16.92,0.06,5.68,0.04
"geral","geral","06 - 11m","Masculino",18.83,0.07,6.53,0.04
"geral","geral","12 - 17m","Feminino",18.88,0.05,6.03,0.03
"geral","geral","12 - 17m","Masculino",20.3,0.06,6.77,0.03
"geral","geral","18 - 23m","Feminino",17.72,0.05,5.54,0.03
"geral","geral","18 - 23m","Masculino",19.03,0.05,6.28,0.03
"geral","geral","2a","Feminino",13.35,0.03,4.38,0.02
"geral","geral","2a","Masculino",14.51,0.03,5,0.02
"geral","geral","3a","Feminino",11.02,0.03,3.58,0.02
"geral","geral","3a","Masculino",12.53,0.03,4.57,0.02
"geral","geral","4a","Feminino",8.92,0.02,3.07,0.01
"geral","geral","4a","Masculino",10.66,0.03,3.98,0.02
"geral","geral","5a","Feminino",22.34,0.03,8.48,0.02
"geral","geral","5a","Masculino",25.95,0.04,10.48,0.03
"geral","geral","6a","Feminino",22.75,0.04,8.62,0.03
"geral","geral","6a","Masculino",25.03,0.04,10.68,0.03
"geral","geral","7a","Feminino",24.79,0.06,9.55,0.04
"geral","geral","7a","Masculino",25.61,0.07,11.14,0.05
"geral","geral","8a","Feminino",27.16,0.07,10.45,0.05
"geral","geral","8a","Masculino",27.77,0.13,12.95,0.1
"geral","geral","9a","Feminino",28.15,0.07,10.09,0.05
"geral","geral","9a","Masculino",30,0.15,14.12,0.12
"regiao","centro_oeste","0 - 5m","Feminino",8.42,0.34,2.32,0.19
"regiao","nordeste","0 - 5m","Feminino",13.6,0.19,4.74,0.12
"regiao","norte","0 - 5m","Feminino",14.27,0.48,5.38,0.31
"regiao","sudeste","0 - 5m","Feminino",6.59,0.12,1.87,0.07
"regiao","sul","0 - 5m","Feminino",5.89,0.14,1.61,0.08
"regiao","centro_oeste","0 - 5m","Masculino",10.88,0.38,3.39,0.22
"regiao","nordeste","0 - 5m","Masculino",15.89,0.21,5.55,0.13
"regiao","norte","0 - 5m","Masculino",16.25,0.49,5.75,0.31
"regiao","sudeste","0 - 5m","Masculino",8.07,0.13,2.43,0.08
"regiao","sul","0 - 5m","Masculino",6.83,0.15,1.98,0.08
"regiao","centro_oeste","06 - 11m","Feminino",14.18,0.26,4.54,0.16
"regiao","nordeste","06 - 11m","Feminino",21.18,0.11,7.54,0.07
"regiao","norte","06 - 11m","Feminino",20.63,0.23,7.24,0.15
"regiao","sudeste","06 - 11m","Feminino",12.31,0.11,3.7,0.06
"regiao","sul","06 - 11m","Feminino",11.62,0.14,3.28,0.08
"regiao","centro_oeste","06 - 11m","Masculino",15.57,0.28,5.16,0.17
"regiao","nordeste","06 - 11m","Masculino",23.13,0.11,8.56,0.07
"regiao","norte","06 - 11m","Masculino",22.91,0.24,8.56,0.16
"regiao","sudeste","06 - 11m","Masculino",14.2,0.12,4.36,0.07
"regiao","sul","06 - 11m","Masculino",13.81,0.15,4,0.09
"regiao","centro_oeste","12 - 17m","Feminino",15.36,0.21,4.71,0.13
"regiao","nordeste","12 - 17m","Feminino",21.78,0.08,7.47,0.05
"regiao","norte","12 - 17m","Feminino",19.88,0.17,6.6,0.1
"regiao","sudeste","12 - 17m","Feminino",15.74,0.1,4.51,0.06
"regiao","sul","12 - 17m","Feminino",15.62,0.14,4.11,0.08
"regiao","centro_oeste","12 - 17m","Masculino",16.94,0.22,5.46,0.14
"regiao","nordeste","12 - 17m","Masculino",23.16,0.09,8.24,0.06
"regiao","norte","12 - 17m","Masculino",21.25,0.17,7.39,0.11
"regiao","sudeste","12 - 17m","Masculino",17.06,0.1,5.19,0.06
"regiao","sul","12 - 17m","Masculino",17.62,0.14,4.95,0.08
"regiao","centro_oeste","18 - 23m","Feminino",15.33,0.19,4.45,0.11
"regiao","nordeste","18 - 23m","Feminino",19.57,0.07,6.47,0.04
"regiao","norte","18 - 23m","Feminino",17.19,0.13,5.48,0.08
"regiao","sudeste","18 - 23m","Feminino",15.86,0.09,4.7,0.05
"regiao","sul","18 - 23m","Feminino",16.19,0.13,4.37,0.07
"regiao","centro_oeste","18 - 23m","Masculino",16.62,0.19,5.26,0.12
"regiao","nordeste","18 - 23m","Masculino",20.69,0.07,7.27,0.05
"regiao","norte","18 - 23m","Masculino",18.76,0.14,6.32,0.09
"regiao","sudeste","18 - 23m","Masculino",17.18,0.09,5.29,0.05
"regiao","sul","18 - 23m","Masculino",18.08,0.13,5.08,0.08
"regiao","centro_oeste","2a","Feminino",11.97,0.12,3.87,0.07
"regiao","nordeste","2a","Feminino",14.31,0.04,4.89,0.03
"regiao","norte","2a","Feminino",11.39,0.08,3.7,0.05
"regiao","sudeste","2a","Feminino",12.82,0.06,4.06,0.03
"regiao","sul","2a","Feminino",13.53,0.09,4.08,0.05
"regiao","centro_oeste","2a","Masculino",12.95,0.12,4.36,0.08
"regiao","nordeste","2a","Masculino",15.6,0.05,5.65,0.03
"regiao","norte","2a","Masculino",12.97,0.08,4.38,0.05
"regiao","sudeste","2a","Masculino",13.7,0.06,4.53,0.04
"regiao","sul","2a","Masculino",14.45,0.09,4.43,0.05
"regiao","centro_oeste","3a","Feminino",9.7,0.1,3.11,0.06
"regiao","nordeste","3a","Feminino",11.67,0.04,3.91,0.02
"regiao","norte","3a","Feminino",8.09,0.06,2.44,0.03
"regiao","sudeste","3a","Feminino",11.14,0.05,3.56,0.03
"regiao","sul","3a","Feminino",12.49,0.09,3.9,0.05
"regiao","centro_oeste","3a","Masculino",11.35,0.11,4.01,0.07
"regiao","nordeste","3a","Masculino",13.21,0.04,5.05,0.03
"regiao","norte","3a","Masculino",10.25,0.07,3.47,0.04
"regiao","sudeste","3a","Masculino",12.32,0.05,4.36,0.03
"regiao","sul","3a","Masculino",13.77,0.09,4.7,0.06
"regiao","centro_oeste","4a","Feminino",8.03,0.09,2.71,0.06
"regiao","nordeste","4a","Feminino",9.22,0.03,3.19,0.02
"regiao","norte","4a","Feminino",5.6,0.05,1.77,0.03
"regiao","sudeste","4a","Feminino",9.56,0.05,3.33,0.03
"regiao","sul","4a","Feminino",11.04,0.08,3.84,0.05
"regiao","centro_oeste","4a","Masculino",9.56,0.1,3.5,0.06
"regiao","nordeste","4a","Masculino",11.08,0.04,4.28,0.02
"regiao","norte","4a","Masculino",7.78,0.06,2.58,0.03
"regiao","sudeste","4a","Masculino",10.96,0.05,4.03,0.03
"regiao","sul","4a","Masculino",12.65,0.09,4.65,0.06
"regiao","centro_oeste","5a","Feminino",21.17,0.14,7.67,0.09
"regiao","nordeste","5a","Feminino",22.16,0.05,8.58,0.03
"regiao","norte","5a","Feminino",16.01,0.08,5.15,0.05
"regiao","sudeste","5a","Feminino",24.47,0.07,9.49,0.05
"regiao","sul","5a","Feminino",27.41,0.12,10.61,0.08
"regiao","centro_oeste","5a","Masculino",24.87,0.15,9.49,0.1
"regiao","nordeste","5a","Masculino",25.62,0.05,10.8,0.04
"regiao","norte","5a","Masculino",20.65,0.09,7.06,0.06
"regiao","sudeste","5a","Masculino",27.49,0.08,11.12,0.05
"regiao","sul","5a","Masculino",31.79,0.13,12.75,0.09
"regiao","centro_oeste","6a","Feminino",22.02,0.16,8.11,0.11
"regiao","nordeste","6a","Feminino",22.55,0.06,8.55,0.04
"regiao","norte","6a","Feminino",16.11,0.09,5.32,0.06
"regiao","sudeste","6a","Feminino",25.18,0.08,9.92,0.05
"regiao","sul","6a","Feminino",27.28,0.13,10.59,0.09
"regiao","centro_oeste","6a","Masculino",24.55,0.17,10.08,0.12
"regiao","nordeste","6a","Masculino",24.7,0.06,10.87,0.04
"regiao","norte","6a","Masculino",19.26,0.1,7.14,0.07
"regiao","sudeste","6a","Masculino",26.77,0.08,11.53,0.06
"regiao","sul","6a","Masculino",30.35,0.14,12.75,0.1
"regiao","centro_oeste","7a","Feminino",25.35,0.23,9.58,0.16
"regiao","nordeste","7a","Feminino",24.62,0.08,9.45,0.06
"regiao","norte","7a","Feminino",18.09,0.13,6.09,0.08
"regiao","sudeste","7a","Feminino",27.17,0.12,10.94,0.08
"regiao","sul","7a","Feminino",29.16,0.19,11.61,0.13
"regiao","centro_oeste","7a","Masculino",25.41,0.29,10.67,0.21
"regiao","nordeste","7a","Masculino",25.14,0.1,11.09,0.08
"regiao","norte","7a","Masculino",19.76,0.18,7.51,0.12
"regiao","sudeste","7a","Masculino",27.11,0.14,12.11,0.1
"regiao","sul","7a","Masculino",30.36,0.21,13.33,0.16
"regiao","centro_oeste","8a","Feminino",28.04,0.28,10.72,0.19
"regiao","nordeste","8a","Feminino",27.04,0.1,10.31,0.07
"regiao","norte","8a","Feminino",20.32,0.16,6.51,0.1
"regiao","sudeste","8a","Feminino",29.55,0.14,12.07,0.1
"regiao","sul","8a","Feminino",32.21,0.23,13.18,0.17
"regiao","centro_oeste","8a","Masculino",28.6,0.55,12.92,0.41
"regiao","nordeste","8a","Masculino",25.73,0.24,11.88,0.18
"regiao","norte","8a","Masculino",21.07,0.39,8.4,0.27
"regiao","sudeste","8a","Masculino",28.88,0.24,13.94,0.18
"regiao","sul","8a","Masculino",31.95,0.31,15.12,0.24
"regiao","centro_oeste","9a","Feminino",29.73,0.3,10.69,0.2
"regiao","nordeste","9a","Feminino",27.74,0.11,9.6,0.07
"regiao","norte","9a","Feminino",21.4,0.17,6.54,0.1
"regiao","sudeste","9a","Feminino",30.85,0.15,11.95,0.11
"regiao","sul","9a","Feminino",33.55,0.25,13.36,0.18
"regiao","centro_oeste","9a","Masculino",30.98,0.63,13.8,0.47
"regiao","nordeste","9a","Masculino",27.71,0.27,12.76,0.2
"regiao","norte","9a","Masculino",23.4,0.44,9.54,0.31
"regiao","sudeste","9a","Masculino",30.83,0.26,14.86,0.2
"regiao","sul","9a","Masculino",35.03,0.35,17.3,0.28
"estados","Acre","0 - 5m","Feminino",18.41,2.18,7.3,1.47
"estados","Alagoas","0 - 5m","Feminino",17.7,0.86,7.34,0.59
"estados","Amapa","0 - 5m","Feminino",14.81,4.83,3.7,2.57
"estados","Amazonas","0 - 5m","Feminino",14.95,1.15,5.71,0.75
"estados","Bahia","0 - 5m","Feminino",10.43,0.34,3.41,0.2
"estados","Ceara","0 - 5m","Feminino",15.06,0.6,5.59,0.38
"estados","Distrito Federal","0 - 5m","Feminino",3.39,0.86,0,0
"estados","Espirito Santo","0 - 5m","Feminino",7.77,0.5,2.09,0.27
"estados","Goias","0 - 5m","Feminino",11.56,0.9,3.85,0.54
"estados","Maranhao","0 - 5m","Feminino",18.92,0.92,7.85,0.63
"estados","Mato Grosso","0 - 5m","Feminino",10.34,1.06,3.97,0.68
"estados","Mato Grosso do Sul","0 - 5m","Feminino",7.57,0.42,1.74,0.21
"estados","Minas Gerais","0 - 5m","Feminino",7.09,0.18,2.21,0.1
"estados","Para","0 - 5m","Feminino",12.27,0.62,4.47,0.39
"estados","Paraiba","0 - 5m","Feminino",13.79,0.43,4.39,0.25
"estados","Parana","0 - 5m","Feminino",5.33,0.18,1.33,0.09
"estados","Pernambuco","0 - 5m","Feminino",12.86,0.48,4.41,0.3
"estados","Piaui","0 - 5m","Feminino",13.17,0.9,4.56,0.55
"estados","Rio Grande do Norte","0 - 5m","Feminino",12.71,0.72,3.84,0.41
"estados","Rio Grande do Sul","0 - 5m","Feminino",7.71,0.32,2.31,0.18
"estados","Rio de Janeiro","0 - 5m","Feminino",7.43,0.51,2.19,0.28
"estados","Rondonia","0 - 5m","Feminino",16.82,2.07,7.65,1.47
"estados","Roraima","0 - 5m","Feminino",26.67,5.71,6.67,3.22
"estados","Santa Catarina","0 - 5m","Feminino",5.25,0.28,1.53,0.15
"estados","Sao Paulo","0 - 5m","Feminino",5.42,0.19,1.25,0.09
"estados","Sergipe","0 - 5m","Feminino",21.15,1.3,7.69,0.85
"estados","Tocantins","0 - 5m","Feminino",16.63,1.27,6.44,0.84
"estados","Acre","0 - 5m","Masculino",20.86,2.25,6.75,1.39
"estados","Alagoas","0 - 5m","Masculino",18.57,0.86,6.84,0.56
"estados","Amapa","0 - 5m","Masculino",18.52,5.29,9.26,3.94
"estados","Amazonas","0 - 5m","Masculino",15.76,1.16,6.26,0.77
"estados","Bahia","0 - 5m","Masculino",12.5,0.37,4.2,0.23
"estados","Ceara","0 - 5m","Masculino",17.6,0.64,5.93,0.4
"estados","Distrito Federal","0 - 5m","Masculino",4.63,0.92,0.58,0.33
"estados","Espirito Santo","0 - 5m","Masculino",9.8,0.55,3.13,0.32
"estados","Goias","0 - 5m","Masculino",12.72,0.94,4.53,0.59
"estados","Maranhao","0 - 5m","Masculino",20.61,0.93,7.63,0.61
"estados","Mato Grosso","0 - 5m","Masculino",12.25,1.08,4.05,0.65
"estados","Mato Grosso do Sul","0 - 5m","Masculino",10.79,0.49,3.24,0.28
"estados","Minas Gerais","0 - 5m","Masculino",8.39,0.19,2.63,0.11
"estados","Para","0 - 5m","Masculino",15.01,0.67,4.75,0.4
"estados","Paraiba","0 - 5m","Masculino",15.97,0.45,5.91,0.29
"estados","Parana","0 - 5m","Masculino",6.11,0.19,1.54,0.1
"estados","Pernambuco","0 - 5m","Masculino",15.87,0.52,5.27,0.32
"estados","Piaui","0 - 5m","Masculino",16,0.98,5.07,0.59
"estados","Rio Grande do Norte","0 - 5m","Masculino",15.5,0.79,5,0.47
"estados","Rio Grande do Sul","0 - 5m","Masculino",8.83,0.34,3.09,0.21
"estados","Rio de Janeiro","0 - 5m","Masculino",10.09,0.57,2.68,0.31
"estados","Rondonia","0 - 5m","Masculino",19.21,2.18,9.15,1.59
"estados","Roraima","0 - 5m","Masculino",23.08,5.23,12.31,4.07
"estados","Santa Catarina","0 - 5m","Masculino",6.48,0.3,1.9,0.17
"estados","Sao Paulo","0 - 5m","Masculino",6.82,0.21,1.91,0.12
"estados","Sergipe","0 - 5m","Masculino",22.51,1.31,9.08,0.9
"estados","Tocantins","0 - 5m","Masculino",17.29,1.23,6.04,0.78
"estados","Acre","06 - 11m","Feminino",22.23,0.98,8.52,0.66
"estados","Alagoas","06 - 11m","Feminino",23.49,0.47,8.6,0.31
"estados","Amapa","06 - 11m","Feminino",22.32,1.71,7.89,1.1
"estados","Amazonas","06 - 11m","Feminino",19.61,0.47,7.06,0.3
"estados","Bahia","06 - 11m","Feminino",17.53,0.19,6.08,0.12
"estados","Ceara","06 - 11m","Feminino",24.61,0.28,8.83,0.18
"estados","Distrito Federal","06 - 11m","Feminino",12.7,1.02,4.01,0.6
"estados","Espirito Santo","06 - 11m","Feminino",14.31,0.43,4.35,0.25
"estados","Goias","06 - 11m","Feminino",15.61,0.43,5.33,0.27
"estados","Maranhao","06 - 11m","Feminino",24.45,0.34,9.41,0.23
"estados","Mato Grosso","06 - 11m","Feminino",14.13,0.55,4.45,0.32
"estados","Mato Grosso do Sul","06 - 11m","Feminino",12.7,0.44,3.72,0.25
"estados","Minas Gerais","06 - 11m","Feminino",12.35,0.16,3.9,0.09
"estados","Para","06 - 11m","Feminino",21.73,0.35,7.55,0.22
"estados","Paraiba","06 - 11m","Feminino",20.01,0.3,6.82,0.19
"estados","Parana","06 - 11m","Feminino",10.58,0.18,2.81,0.09
"estados","Pernambuco","06 - 11m","Feminino",20.73,0.29,7.14,0.18
"estados","Piaui","06 - 11m","Feminino",20.12,0.43,7.36,0.28
"estados","Rio Grande do Norte","06 - 11m","Feminino",20.71,0.47,7,0.3
"estados","Rio Grande do Sul","06 - 11m","Feminino",14.78,0.31,4.68,0.18
"estados","Rio de Janeiro","06 - 11m","Feminino",14.98,0.36,4.8,0.22
"estados","Rondonia","06 - 11m","Feminino",18.55,0.91,6.09,0.56
"estados","Roraima","06 - 11m","Feminino",16.69,1.45,5.56,0.89
"estados","Santa Catarina","06 - 11m","Feminino",10.24,0.35,2.74,0.19
"estados","Sao Paulo","06 - 11m","Feminino",10.92,0.18,2.91,0.1
"estados","Sergipe","06 - 11m","Feminino",26.65,0.6,9.97,0.41
"estados","Tocantins","06 - 11m","Feminino",19.16,0.63,6.57,0.39
"estados","Acre","06 - 11m","Masculino",23.43,0.97,9.27,0.67
"estados","Alagoas","06 - 11m","Masculino",25.6,0.49,10.05,0.34
"estados","Amapa","06 - 11m","Masculino",23.21,1.67,10.44,1.21
"estados","Amazonas","06 - 11m","Masculino",20.83,0.49,7.05,0.31
"estados","Bahia","06 - 11m","Masculino",19.3,0.2,6.92,0.13
"estados","Ceara","06 - 11m","Masculino",26.88,0.29,10.33,0.2
"estados","Distrito Federal","06 - 11m","Masculino",12.2,0.99,4.04,0.6
"estados","Espirito Santo","06 - 11m","Masculino",16.5,0.46,5.49,0.28
"estados","Goias","06 - 11m","Masculino",16.7,0.45,6.04,0.29
"estados","Maranhao","06 - 11m","Masculino",26.05,0.35,10.37,0.24
"estados","Mato Grosso","06 - 11m","Masculino",15.12,0.57,4.74,0.34
"estados","Mato Grosso do Sul","06 - 11m","Masculino",15.17,0.48,4.62,0.28
"estados","Minas Gerais","06 - 11m","Masculino",14.14,0.17,4.48,0.1
"estados","Para","06 - 11m","Masculino",24.6,0.36,9.25,0.24
"estados","Paraiba","06 - 11m","Masculino",22.23,0.31,7.58,0.2
"estados","Parana","06 - 11m","Masculino",12.78,0.19,3.39,0.1
"estados","Pernambuco","06 - 11m","Masculino",22.75,0.3,8.39,0.2
"estados","Piaui","06 - 11m","Masculino",21.75,0.45,7.65,0.29
"estados","Rio Grande do Norte","06 - 11m","Masculino",22.93,0.5,7.34,0.31
"estados","Rio Grande do Sul","06 - 11m","Masculino",17.45,0.34,5.92,0.21
"estados","Rio de Janeiro","06 - 11m","Masculino",16.89,0.38,5.63,0.24
"estados","Rondonia","06 - 11m","Masculino",21,0.96,8.3,0.65
"estados","Roraima","06 - 11m","Masculino",20.98,1.59,6.43,0.96
"estados","Santa Catarina","06 - 11m","Masculino",11.99,0.37,3.32,0.21
"estados","Sao Paulo","06 - 11m","Masculino",12.89,0.2,3.51,0.11
"estados","Sergipe","06 - 11m","Masculino",28.08,0.61,11.77,0.44
"estados","Tocantins","06 - 11m","Masculino",21.27,0.66,8.55,0.45
"estados","Acre","12 - 17m","Feminino",20.14,0.69,6.4,0.42
"estados","Alagoas","12 - 17m","Feminino",24.16,0.36,8.53,0.24
"estados","Amapa","12 - 17m","Feminino",21.9,1.16,8.32,0.77
"estados","Amazonas","12 - 17m","Feminino",19.42,0.33,6.37,0.2
"estados","Bahia","12 - 17m","Feminino",18.24,0.15,6.09,0.1
"estados","Ceara","12 - 17m","Feminino",25.63,0.22,8.75,0.14
"estados","Distrito Federal","12 - 17m","Feminino",13.46,0.8,3.49,0.43
"estados","Espirito Santo","12 - 17m","Feminino",16.06,0.37,4.54,0.21
"estados","Goias","12 - 17m","Feminino",16.11,0.33,5.11,0.2
"estados","Maranhao","12 - 17m","Feminino",22.67,0.24,8.4,0.16
"estados","Mato Grosso","12 - 17m","Feminino",14.6,0.42,4.54,0.25
"estados","Mato Grosso do Sul","12 - 17m","Feminino",15.31,0.42,4.49,0.24
"estados","Minas Gerais","12 - 17m","Feminino",15.61,0.15,4.61,0.08
"estados","Para","12 - 17m","Feminino",20.99,0.24,7.13,0.15
"estados","Paraiba","12 - 17m","Feminino",20.89,0.26,6.39,0.15
"estados","Parana","12 - 17m","Feminino",14.09,0.17,3.42,0.09
"estados","Pernambuco","12 - 17m","Feminino",22.51,0.24,7.95,0.15
"estados","Piaui","12 - 17m","Feminino",19.33,0.32,6.33,0.2
"estados","Rio Grande do Norte","12 - 17m","Feminino",22.74,0.38,7.64,0.24
"estados","Rio Grande do Sul","12 - 17m","Feminino",19.24,0.28,5.55,0.16
"estados","Rio de Janeiro","12 - 17m","Feminino",17.85,0.28,5.55,0.17
"estados","Rondonia","12 - 17m","Feminino",16.22,0.64,5.32,0.39
"estados","Roraima","12 - 17m","Feminino",19.06,1.01,6,0.61
"estados","Santa Catarina","12 - 17m","Feminino",14.66,0.37,4.11,0.21
"estados","Sao Paulo","12 - 17m","Feminino",15,0.16,3.95,0.09
"estados","Sergipe","12 - 17m","Feminino",25.3,0.45,9.69,0.3
"estados","Tocantins","12 - 17m","Feminino",17.68,0.47,5.37,0.28
"estados","Acre","12 - 17m","Masculino",20.99,0.71,7.35,0.46
"estados","Alagoas","12 - 17m","Masculino",26.05,0.38,9.68,0.26
"estados","Amapa","12 - 17m","Masculino",25.08,1.23,7.72,0.76
"estados","Amazonas","12 - 17m","Masculino",21.31,0.35,7.25,0.22
"estados","Bahia","12 - 17m","Masculino",18.85,0.16,6.25,0.1
"estados","Ceara","12 - 17m","Masculino",27.88,0.22,10.33,0.15
"estados","Distrito Federal","12 - 17m","Masculino",14.77,0.83,4.1,0.46
"estados","Espirito Santo","12 - 17m","Masculino",18.04,0.4,5.48,0.23
"estados","Goias","12 - 17m","Masculino",17.97,0.35,6.07,0.22
"estados","Maranhao","12 - 17m","Masculino",23.53,0.24,8.88,0.16
"estados","Mato Grosso","12 - 17m","Masculino",16.23,0.45,5.07,0.27
"estados","Mato Grosso do Sul","12 - 17m","Masculino",16.45,0.43,5.17,0.26
"estados","Minas Gerais","12 - 17m","Masculino",16.75,0.15,5.29,0.09
"estados","Para","12 - 17m","Masculino",22.19,0.25,7.87,0.16
"estados","Paraiba","12 - 17m","Masculino",22.75,0.27,7.28,0.16
"estados","Parana","12 - 17m","Masculino",16.36,0.18,4.26,0.1
"estados","Pernambuco","12 - 17m","Masculino",24.14,0.25,8.66,0.16
"estados","Piaui","12 - 17m","Masculino",20.45,0.33,6.88,0.21
"estados","Rio Grande do Norte","12 - 17m","Masculino",24.29,0.4,8.87,0.26
"estados","Rio Grande do Sul","12 - 17m","Masculino",21.19,0.3,6.67,0.18
"estados","Rio de Janeiro","12 - 17m","Masculino",19.73,0.3,6.4,0.18
"estados","Rondonia","12 - 17m","Masculino",18.46,0.69,6.04,0.42
"estados","Roraima","12 - 17m","Masculino",16.02,0.99,5.29,0.61
"estados","Santa Catarina","12 - 17m","Masculino",16.16,0.39,4.64,0.22
"estados","Sao Paulo","12 - 17m","Masculino",16.24,0.17,4.53,0.1
"estados","Sergipe","12 - 17m","Masculino",26.68,0.47,10.78,0.33
"estados","Tocantins","12 - 17m","Masculino",18.93,0.49,6.71,0.31
"estados","Acre","18 - 23m","Feminino",17.2,0.57,5.36,0.34
"estados","Alagoas","18 - 23m","Feminino",21.76,0.3,7.29,0.19
"estados","Amapa","18 - 23m","Feminino",17.79,0.86,5.56,0.52
"estados","Amazonas","18 - 23m","Feminino",16.3,0.26,5.43,0.16
"estados","Bahia","18 - 23m","Feminino",16.14,0.13,5.09,0.08
"estados","Ceara","18 - 23m","Feminino",23.04,0.18,7.84,0.12
"estados","Distrito Federal","18 - 23m","Feminino",13.12,0.67,3.19,0.35
"estados","Espirito Santo","18 - 23m","Feminino",15.14,0.32,4.43,0.19
"estados","Goias","18 - 23m","Feminino",15.89,0.29,4.69,0.17
"estados","Maranhao","18 - 23m","Feminino",19.01,0.19,6.5,0.12
"estados","Mato Grosso","18 - 23m","Feminino",14.8,0.36,4.56,0.21
"estados","Mato Grosso do Sul","18 - 23m","Feminino",15.48,0.38,4.24,0.21
"estados","Minas Gerais","18 - 23m","Feminino",15.34,0.13,4.66,0.08
"estados","Para","18 - 23m","Feminino",18.28,0.19,5.7,0.12
"estados","Paraiba","18 - 23m","Feminino",19.14,0.22,6.03,0.13
"estados","Parana","18 - 23m","Feminino",14.61,0.16,3.64,0.09
"estados","Pernambuco","18 - 23m","Feminino",21.9,0.2,7.27,0.13
"estados","Piaui","18 - 23m","Feminino",16.12,0.26,5.14,0.15
"estados","Rio Grande do Norte","18 - 23m","Feminino",20.84,0.32,6.96,0.2
"estados","Rio Grande do Sul","18 - 23m","Feminino",19.37,0.25,5.63,0.15
"estados","Rio de Janeiro","18 - 23m","Feminino",18.17,0.24,5.85,0.15
"estados","Rondonia","18 - 23m","Feminino",15.17,0.53,4.94,0.32
"estados","Roraima","18 - 23m","Feminino",16.02,0.78,4.77,0.45
"estados","Santa Catarina","18 - 23m","Feminino",15.86,0.36,4.68,0.21
"estados","Sao Paulo","18 - 23m","Feminino",15.68,0.14,4.34,0.08
"estados","Sergipe","18 - 23m","Feminino",22.8,0.37,8.09,0.24
"estados","Tocantins","18 - 23m","Feminino",15.5,0.39,5.13,0.24
"estados","Acre","18 - 23m","Masculino",19.47,0.59,6.24,0.36
"estados","Alagoas","18 - 23m","Masculino",23.13,0.32,8.5,0.21
"estados","Amapa","18 - 23m","Masculino",21.22,0.93,7.83,0.61
"estados","Amazonas","18 - 23m","Masculino",18.4,0.27,6.1,0.17
"estados","Bahia","18 - 23m","Masculino",16.86,0.13,5.63,0.08
"estados","Ceara","18 - 23m","Masculino",24.91,0.19,8.93,0.12
"estados","Distrito Federal","18 - 23m","Masculino",15.01,0.7,4.5,0.41
"estados","Espirito Santo","18 - 23m","Masculino",16.69,0.34,4.69,0.19
"estados","Goias","18 - 23m","Masculino",17.25,0.3,5.65,0.18
"estados","Maranhao","18 - 23m","Masculino",19.56,0.19,6.94,0.12
"estados","Mato Grosso","18 - 23m","Masculino",15.15,0.37,4.77,0.22
"estados","Mato Grosso do Sul","18 - 23m","Masculino",17.48,0.4,5.3,0.24
"estados","Minas Gerais","18 - 23m","Masculino",16.51,0.13,5.26,0.08
"estados","Para","18 - 23m","Masculino",19.3,0.2,6.59,0.12
"estados","Paraiba","18 - 23m","Masculino",20.86,0.23,6.85,0.14
"estados","Parana","18 - 23m","Masculino",16.31,0.17,4.31,0.09
"estados","Pernambuco","18 - 23m","Masculino",22.96,0.21,8.47,0.14
"estados","Piaui","18 - 23m","Masculino",17.11,0.27,5.8,0.16
"estados","Rio Grande do Norte","18 - 23m","Masculino",22.72,0.34,8,0.22
"estados","Rio Grande do Sul","18 - 23m","Masculino",21.95,0.27,6.68,0.16
"estados","Rio de Janeiro","18 - 23m","Masculino",20.25,0.25,6.89,0.16
"estados","Rondonia","18 - 23m","Masculino",16.31,0.57,5.42,0.35
"estados","Roraima","18 - 23m","Masculino",17.7,0.82,5.11,0.47
"estados","Santa Catarina","18 - 23m","Masculino",17.77,0.38,5.1,0.22
"estados","Sao Paulo","18 - 23m","Masculino",16.87,0.15,4.8,0.09
"estados","Sergipe","18 - 23m","Masculino",23.18,0.38,8.67,0.26
"estados","Tocantins","18 - 23m","Masculino",17.68,0.42,6,0.26
"estados","Acre","2a","Feminino",12.05,0.35,3.94,0.21
"estados","Alagoas","2a","Feminino",15.73,0.19,5.47,0.12
"estados","Amapa","2a","Feminino",10.79,0.46,3.28,0.27
"estados","Amazonas","2a","Feminino",11.33,0.15,3.67,0.09
"estados","Bahia","2a","Feminino",11.58,0.08,3.85,0.05
"estados","Ceara","2a","Feminino",17.52,0.12,5.99,0.07
"estados","Distrito Federal","2a","Feminino",10.48,0.42,3.44,0.25
"estados","Espirito Santo","2a","Feminino",10.81,0.21,3.34,0.12
"estados","Goias","2a","Feminino",12.15,0.18,4.22,0.11
"estados","Maranhao","2a","Feminino",12.45,0.11,4.16,0.07
"estados","Mato Grosso","2a","Feminino",11.77,0.23,3.67,0.14
"estados","Mato Grosso do Sul","2a","Feminino",12.29,0.25,3.56,0.14
"estados","Minas Gerais","2a","Feminino",11.92,0.09,3.85,0.05
"estados","Para","2a","Feminino",11.57,0.11,3.78,0.07
"estados","Paraiba","2a","Feminino",14.46,0.15,4.81,0.09
"estados","Parana","2a","Feminino",11.99,0.12,3.5,0.07
"estados","Pernambuco","2a","Feminino",16.77,0.13,6.13,0.09
"estados","Piaui","2a","Feminino",11.65,0.16,3.72,0.09
"estados","Rio Grande do Norte","2a","Feminino",16.28,0.21,5.52,0.13
"estados","Rio Grande do Sul","2a","Feminino",16.25,0.17,5,0.1
"estados","Rio de Janeiro","2a","Feminino",15,0.15,5.08,0.09
"estados","Rondonia","2a","Feminino",10.59,0.32,3.39,0.19
"estados","Roraima","2a","Feminino",10.9,0.44,3.33,0.25
"estados","Santa Catarina","2a","Feminino",12.89,0.25,4.13,0.15
"estados","Sao Paulo","2a","Feminino",13.21,0.1,3.98,0.06
"estados","Sergipe","2a","Feminino",16.02,0.23,5.72,0.15
"estados","Tocantins","2a","Feminino",11.09,0.25,3.67,0.15
"estados","Acre","2a","Masculino",14.96,0.38,5.02,0.23
"estados","Alagoas","2a","Masculino",17.48,0.2,6.53,0.13
"estados","Amapa","2a","Masculino",11.6,0.48,3.84,0.29
"estados","Amazonas","2a","Masculino",12.71,0.16,4.31,0.1
"estados","Bahia","2a","Masculino",12.58,0.09,4.37,0.05
"estados","Ceara","2a","Masculino",19.29,0.12,7.16,0.08
"estados","Distrito Federal","2a","Masculino",11.46,0.43,3.59,0.25
"estados","Espirito Santo","2a","Masculino",12.14,0.22,3.74,0.13
"estados","Goias","2a","Masculino",12.87,0.19,4.55,0.12
"estados","Maranhao","2a","Masculino",13.69,0.12,4.95,0.07
"estados","Mato Grosso","2a","Masculino",13.12,0.25,4.51,0.15
"estados","Mato Grosso do Sul","2a","Masculino",13.4,0.26,4.08,0.15
"estados","Minas Gerais","2a","Masculino",12.78,0.09,4.32,0.05
"estados","Para","2a","Masculino",13.09,0.12,4.46,0.07
"estados","Paraiba","2a","Masculino",15.68,0.16,5.37,0.1
"estados","Parana","2a","Masculino",12.98,0.12,3.81,0.07
"estados","Pernambuco","2a","Masculino",17.84,0.14,6.76,0.09
"estados","Piaui","2a","Masculino",12.8,0.17,4.39,0.1
"estados","Rio Grande do Norte","2a","Masculino",17.92,0.23,6.6,0.15
"estados","Rio Grande do Sul","2a","Masculino",17.26,0.18,5.52,0.11
"estados","Rio de Janeiro","2a","Masculino",16.3,0.16,5.81,0.1
"estados","Rondonia","2a","Masculino",12.34,0.35,4.04,0.21
"estados","Roraima","2a","Masculino",12.7,0.47,4.21,0.29
"estados","Santa Catarina","2a","Masculino",13.78,0.25,4.35,0.15
"estados","Sao Paulo","2a","Masculino",13.91,0.1,4.38,0.06
"estados","Sergipe","2a","Masculino",17.29,0.25,6.57,0.16
"estados","Tocantins","2a","Masculino",12.81,0.26,4.19,0.16
"estados","Acre","3a","Feminino",8.92,0.28,2.55,0.16
"estados","Alagoas","3a","Feminino",12.93,0.17,4.46,0.1
"estados","Amapa","3a","Feminino",7.91,0.36,2.26,0.2
"estados","Amazonas","3a","Feminino",8.07,0.12,2.44,0.07
"estados","Bahia","3a","Feminino",9.02,0.07,2.87,0.04
"estados","Ceara","3a","Feminino",14.99,0.1,5.01,0.06
"estados","Distrito Federal","3a","Feminino",8.72,0.35,2.63,0.2
"estados","Espirito Santo","3a","Feminino",9.28,0.18,2.7,0.1
"estados","Goias","3a","Feminino",9.8,0.15,3.38,0.09
"estados","Maranhao","3a","Feminino",9.05,0.09,2.85,0.05
"estados","Mato Grosso","3a","Feminino",9.87,0.2,2.99,0.11
"estados","Mato Grosso do Sul","3a","Feminino",9.64,0.21,2.88,0.12
"estados","Minas Gerais","3a","Feminino",10.07,0.08,3.23,0.05
"estados","Para","3a","Feminino",7.97,0.09,2.42,0.05
"estados","Paraiba","3a","Feminino",12.42,0.14,4.28,0.08
"estados","Parana","3a","Feminino",11.25,0.12,3.55,0.07
"estados","Pernambuco","3a","Feminino",14.46,0.12,5.23,0.07
"estados","Piaui","3a","Feminino",9.09,0.13,2.9,0.08
"estados","Rio Grande do Norte","3a","Feminino",14.2,0.19,5,0.12
"estados","Rio Grande do Sul","3a","Feminino",14.4,0.15,4.42,0.09
"estados","Rio de Janeiro","3a","Feminino",12.44,0.13,4.15,0.08
"estados","Rondonia","3a","Feminino",8.65,0.27,2.63,0.15
"estados","Roraima","3a","Feminino",8.12,0.34,2.42,0.19
"estados","Santa Catarina","3a","Feminino",11.56,0.22,3.69,0.13
"estados","Sao Paulo","3a","Feminino",12.01,0.09,3.8,0.05
"estados","Sergipe","3a","Feminino",12.36,0.19,4.12,0.12
"estados","Tocantins","3a","Feminino",8.02,0.2,2.51,0.11
"estados","Acre","3a","Masculino",11.18,0.31,3.77,0.19
"estados","Alagoas","3a","Masculino",14.86,0.18,5.8,0.12
"estados","Amapa","3a","Masculino",9.87,0.39,3.32,0.23
"estados","Amazonas","3a","Masculino",10.47,0.13,3.56,0.08
"estados","Bahia","3a","Masculino",10.17,0.07,3.63,0.05
"estados","Ceara","3a","Masculino",17.07,0.11,6.81,0.07
"estados","Distrito Federal","3a","Masculino",9.75,0.37,3.72,0.23
"estados","Espirito Santo","3a","Masculino",10.63,0.19,3.63,0.12
"estados","Goias","3a","Masculino",11.36,0.16,4.15,0.1
"estados","Maranhao","3a","Masculino",10.64,0.1,3.88,0.06
"estados","Mato Grosso","3a","Masculino",11.41,0.22,4.01,0.13
"estados","Mato Grosso do Sul","3a","Masculino",11.82,0.23,3.86,0.14
"estados","Minas Gerais","3a","Masculino",11.33,0.08,4.05,0.05
"estados","Para","3a","Masculino",10.12,0.1,3.42,0.06
"estados","Paraiba","3a","Masculino",13.98,0.14,5.39,0.09
"estados","Parana","3a","Masculino",12.39,0.13,4.23,0.08
"estados","Pernambuco","3a","Masculino",15.77,0.12,6.42,0.08
"estados","Piaui","3a","Masculino",10.4,0.14,3.7,0.09
"estados","Rio Grande do Norte","3a","Masculino",16.37,0.2,6.38,0.13
"estados","Rio Grande do Sul","3a","Masculino",16.01,0.16,5.42,0.1
"estados","Rio de Janeiro","3a","Masculino",14.19,0.14,5.17,0.09
"estados","Rondonia","3a","Masculino",10.39,0.3,3.89,0.19
"estados","Roraima","3a","Masculino",10.59,0.39,3.3,0.23
"estados","Santa Catarina","3a","Masculino",12.75,0.23,4.45,0.14
"estados","Sao Paulo","3a","Masculino",12.88,0.09,4.48,0.06
"estados","Sergipe","3a","Masculino",13.86,0.21,5.32,0.14
"estados","Tocantins","3a","Masculino",9.7,0.22,3.22,0.13
"estados","Acre","4a","Feminino",6.15,0.24,1.97,0.14
"estados","Alagoas","4a","Feminino",9.75,0.14,3.42,0.09
"estados","Amapa","4a","Feminino",4.58,0.27,1.46,0.15
"estados","Amazonas","4a","Feminino",5.72,0.1,1.85,0.06
"estados","Bahia","4a","Feminino",7.14,0.06,2.33,0.04
"estados","Ceara","4a","Feminino",12.31,0.09,4.25,0.06
"estados","Distrito Federal","4a","Feminino",6.67,0.31,2.1,0.18
"estados","Espirito Santo","4a","Feminino",7.79,0.17,2.54,0.1
"estados","Goias","4a","Feminino",8.37,0.14,2.91,0.09
"estados","Maranhao","4a","Feminino",6.19,0.07,2.06,0.04
"estados","Mato Grosso","4a","Feminino",7.87,0.18,2.62,0.11
"estados","Mato Grosso do Sul","4a","Feminino",7.99,0.19,2.59,0.11
"estados","Minas Gerais","4a","Feminino",8.45,0.07,2.9,0.04
"estados","Para","4a","Feminino",5.39,0.07,1.66,0.04
"estados","Paraiba","4a","Feminino",10.3,0.12,3.6,0.08
"estados","Parana","4a","Feminino",10.04,0.12,3.48,0.07
"estados","Pernambuco","4a","Feminino",11.87,0.11,4.47,0.07
"estados","Piaui","4a","Feminino",6.74,0.12,2.07,0.07
"estados","Rio Grande do Norte","4a","Feminino",12.6,0.17,4.58,0.11
"estados","Rio Grande do Sul","4a","Feminino",12.54,0.14,4.38,0.09
"estados","Rio de Janeiro","4a","Feminino",10.55,0.12,3.73,0.07
"estados","Rondonia","4a","Feminino",6.64,0.23,2.19,0.14
"estados","Roraima","4a","Feminino",5.8,0.29,1.75,0.16
"estados","Santa Catarina","4a","Feminino",10.1,0.21,3.52,0.13
"estados","Sao Paulo","4a","Feminino",10.58,0.08,3.74,0.05
"estados","Sergipe","4a","Feminino",9,0.17,3.18,0.1
"estados","Tocantins","4a","Feminino",5.75,0.17,1.87,0.1
"estados","Acre","4a","Masculino",8.14,0.27,2.79,0.16
"estados","Alagoas","4a","Masculino",11.99,0.16,4.65,0.1
"estados","Amapa","4a","Masculino",7.36,0.34,2.41,0.2
"estados","Amazonas","4a","Masculino",7.97,0.12,2.81,0.07
"estados","Bahia","4a","Masculino",8.41,0.07,3.03,0.04
"estados","Ceara","4a","Masculino",14.72,0.1,5.94,0.07
"estados","Distrito Federal","4a","Masculino",8.48,0.35,3.01,0.21
"estados","Espirito Santo","4a","Masculino",8.93,0.18,3.08,0.11
"estados","Goias","4a","Masculino",9.74,0.15,3.76,0.1
"estados","Maranhao","4a","Masculino",7.93,0.08,2.79,0.05
"estados","Mato Grosso","4a","Masculino",9.15,0.2,3.22,0.12
"estados","Mato Grosso do Sul","4a","Masculino",10.04,0.22,3.47,0.13
"estados","Minas Gerais","4a","Masculino",9.97,0.08,3.63,0.05
"estados","Para","4a","Masculino",7.63,0.08,2.41,0.05
"estados","Paraiba","4a","Masculino",12.3,0.13,4.83,0.09
"estados","Parana","4a","Masculino",11.6,0.13,4.31,0.08
"estados","Pernambuco","4a","Masculino",14.07,0.12,5.83,0.08
"estados","Piaui","4a","Masculino",8.35,0.13,2.97,0.08
"estados","Rio Grande do Norte","4a","Masculino",14.8,0.19,5.89,0.13
"estados","Rio Grande do Sul","4a","Masculino",14.35,0.15,5.3,0.1
"estados","Rio de Janeiro","4a","Masculino",12.45,0.13,4.73,0.08
"estados","Rondonia","4a","Masculino",8.28,0.26,2.88,0.16
"estados","Roraima","4a","Masculino",8.11,0.34,2.74,0.21
"estados","Santa Catarina","4a","Masculino",11.52,0.22,4.08,0.14
"estados","Sao Paulo","4a","Masculino",11.73,0.09,4.33,0.05
"estados","Sergipe","4a","Masculino",10.9,0.19,4.25,0.12
"estados","Tocantins","4a","Masculino",7.66,0.2,2.56,0.12
"estados","Acre","5a","Feminino",17.73,0.39,5.84,0.24
"estados","Alagoas","5a","Feminino",23.01,0.21,9.04,0.14
"estados","Amapa","5a","Feminino",15.61,0.48,4.44,0.27
"estados","Amazonas","5a","Feminino",16.46,0.17,5.54,0.1
"estados","Bahia","5a","Feminino",18.54,0.09,6.69,0.06
"estados","Ceara","5a","Feminino",28.36,0.13,11.59,0.09
"estados","Distrito Federal","5a","Feminino",19.97,0.53,6.88,0.34
"estados","Espirito Santo","5a","Feminino",21.25,0.26,7.7,0.17
"estados","Goias","5a","Feminino",21.21,0.22,8.11,0.14
"estados","Maranhao","5a","Feminino",15.84,0.11,5.36,0.07
"estados","Mato Grosso","5a","Feminino",20.51,0.28,7.55,0.18
"estados","Mato Grosso do Sul","5a","Feminino",22.23,0.31,7.19,0.19
"estados","Minas Gerais","5a","Feminino",21.99,0.11,8.3,0.07
"estados","Para","5a","Feminino",15.39,0.11,4.77,0.07
"estados","Paraiba","5a","Feminino",24.06,0.18,9.58,0.12
"estados","Parana","5a","Feminino",25.07,0.18,9.44,0.12
"estados","Pernambuco","5a","Feminino",26.51,0.15,11.17,0.11
"estados","Piaui","5a","Feminino",17.65,0.18,6.01,0.11
"estados","Rio Grande do Norte","5a","Feminino",28.62,0.24,12.06,0.18
"estados","Rio Grande do Sul","5a","Feminino",30.69,0.2,12.26,0.14
"estados","Rio de Janeiro","5a","Feminino",26.08,0.17,10.62,0.12
"estados","Rondonia","5a","Feminino",17.79,0.37,6.48,0.24
"estados","Roraima","5a","Feminino",17.21,0.48,5.13,0.28
"estados","Santa Catarina","5a","Feminino",25.62,0.32,9.7,0.22
"estados","Sao Paulo","5a","Feminino",26.81,0.12,10.5,0.08
"estados","Sergipe","5a","Feminino",22.59,0.25,8.68,0.17
"estados","Tocantins","5a","Feminino",15.92,0.28,5.3,0.17
"estados","Acre","5a","Masculino",22.51,0.43,7.51,0.27
"estados","Alagoas","5a","Masculino",26.7,0.23,11.36,0.16
"estados","Amapa","5a","Masculino",21.14,0.54,6.97,0.33
"estados","Amazonas","5a","Masculino",21.6,0.19,7.39,0.12
"estados","Bahia","5a","Masculino",21.25,0.1,8.17,0.07
"estados","Ceara","5a","Masculino",32.25,0.14,14.81,0.11
"estados","Distrito Federal","5a","Masculino",21.7,0.54,7.56,0.35
"estados","Espirito Santo","5a","Masculino",24.14,0.28,8.86,0.18
"estados","Goias","5a","Masculino",24.64,0.23,10.05,0.16
"estados","Maranhao","5a","Masculino",19.5,0.13,7.18,0.08
"estados","Mato Grosso","5a","Masculino",23.7,0.3,8.94,0.2
"estados","Mato Grosso do Sul","5a","Masculino",27.77,0.34,9.63,0.23
"estados","Minas Gerais","5a","Masculino",25.09,0.12,10.03,0.08
"estados","Para","5a","Masculino",19.92,0.13,6.74,0.08
"estados","Paraiba","5a","Masculino",28.42,0.19,12.48,0.14
"estados","Parana","5a","Masculino",29.14,0.19,11.58,0.13
"estados","Pernambuco","5a","Masculino",29.93,0.16,13.8,0.12
"estados","Piaui","5a","Masculino",21.24,0.2,7.86,0.13
"estados","Rio Grande do Norte","5a","Masculino",33.05,0.26,14.72,0.2
"estados","Rio Grande do Sul","5a","Masculino",35.52,0.21,14.51,0.16
"estados","Rio de Janeiro","5a","Masculino",29.35,0.19,12.33,0.13
"estados","Rondonia","5a","Masculino",21.08,0.41,8.01,0.27
"estados","Roraima","5a","Masculino",22.16,0.54,7.07,0.34
"estados","Santa Catarina","5a","Masculino",30.2,0.34,11.72,0.24
"estados","Sao Paulo","5a","Masculino",29.81,0.13,12.14,0.09
"estados","Sergipe","5a","Masculino",25.33,0.27,10.33,0.19
"estados","Tocantins","5a","Masculino",20.05,0.31,7.09,0.2
"estados","Acre","6a","Feminino",18.07,0.43,5.91,0.26
"estados","Alagoas","6a","Feminino",23.25,0.24,8.72,0.16
"estados","Amapa","6a","Feminino",15.24,0.53,4.94,0.32
"estados","Amazonas","6a","Feminino",17.02,0.19,6.51,0.12
"estados","Bahia","6a","Feminino",19.14,0.1,6.84,0.07
"estados","Ceara","6a","Feminino",28.45,0.15,11.4,0.1
"estados","Distrito Federal","6a","Feminino",19.72,0.6,6.95,0.38
"estados","Espirito Santo","6a","Feminino",21.66,0.28,7.98,0.18
"estados","Goias","6a","Feminino",22.65,0.24,8.57,0.16
"estados","Maranhao","6a","Feminino",15.89,0.13,5.28,0.08
"estados","Mato Grosso","6a","Feminino",21.02,0.31,8.1,0.21
"estados","Mato Grosso do Sul","6a","Feminino",22.59,0.34,7.55,0.22
"estados","Minas Gerais","6a","Feminino",22.67,0.12,8.61,0.08
"estados","Para","6a","Feminino",15.18,0.12,4.68,0.07
"estados","Paraiba","6a","Feminino",24.5,0.19,9.54,0.13
"estados","Parana","6a","Feminino",24.72,0.19,9.11,0.13
"estados","Pernambuco","6a","Feminino",27.22,0.16,11.14,0.12
"estados","Piaui","6a","Feminino",18.02,0.2,6.1,0.12
"estados","Rio Grande do Norte","6a","Feminino",29.59,0.27,12.12,0.19
"estados","Rio Grande do Sul","6a","Feminino",30.61,0.22,12.49,0.15
"estados","Rio de Janeiro","6a","Feminino",27.3,0.19,11.24,0.14
"estados","Rondonia","6a","Feminino",17.54,0.39,5.61,0.24
"estados","Roraima","6a","Feminino",17.34,0.53,4.91,0.3
"estados","Santa Catarina","6a","Feminino",26.21,0.35,10,0.24
"estados","Sao Paulo","6a","Feminino",27.49,0.13,11.04,0.09
"estados","Sergipe","6a","Feminino",22.85,0.28,8.64,0.19
"estados","Tocantins","6a","Feminino",16.84,0.31,5.49,0.19
"estados","Acre","6a","Masculino",20.61,0.47,7.08,0.3
"estados","Alagoas","6a","Masculino",25.57,0.25,11.36,0.18
"estados","Amapa","6a","Masculino",17.98,0.57,6.5,0.37
"estados","Amazonas","6a","Masculino",21.03,0.21,8.24,0.14
"estados","Bahia","6a","Masculino",20.41,0.11,8.19,0.07
"estados","Ceara","6a","Masculino",31.33,0.15,15.18,0.12
"estados","Distrito Federal","6a","Masculino",22.33,0.64,9.19,0.45
"estados","Espirito Santo","6a","Masculino",23.16,0.29,9.05,0.2
"estados","Goias","6a","Masculino",24.7,0.25,10.71,0.18
"estados","Maranhao","6a","Masculino",18.1,0.14,6.81,0.09
"estados","Mato Grosso","6a","Masculino",22.96,0.33,9.34,0.23
"estados","Mato Grosso do Sul","6a","Masculino",26.68,0.37,9.88,0.25
"estados","Minas Gerais","6a","Masculino",24.63,0.13,10.38,0.09
"estados","Para","6a","Masculino",18.22,0.14,6.6,0.09
"estados","Paraiba","6a","Masculino",27.67,0.2,12.42,0.15
"estados","Parana","6a","Masculino",27.72,0.2,11.29,0.14
"estados","Pernambuco","6a","Masculino",29.47,0.18,13.8,0.13
"estados","Piaui","6a","Masculino",19.99,0.21,8.17,0.14
"estados","Rio Grande do Norte","6a","Masculino",32.49,0.29,15.6,0.22
"estados","Rio Grande do Sul","6a","Masculino",34.04,0.23,14.79,0.17
"estados","Rio de Janeiro","6a","Masculino",28.65,0.21,12.99,0.15
"estados","Rondonia","6a","Masculino",20,0.44,7.87,0.29
"estados","Roraima","6a","Masculino",20.61,0.6,6.29,0.36
"estados","Santa Catarina","6a","Masculino",28.75,0.37,11.87,0.26
"estados","Sao Paulo","6a","Masculino",28.98,0.14,12.6,0.1
"estados","Sergipe","6a","Masculino",24.66,0.3,10.62,0.22
"estados","Tocantins","6a","Masculino",19.18,0.34,7.26,0.22
"estados","Acre","7a","Feminino",18.12,0.59,5.77,0.35
"estados","Alagoas","7a","Feminino",24.73,0.34,10.02,0.24
"estados","Amapa","7a","Feminino",18.16,0.88,5.97,0.54
"estados","Amazonas","7a","Feminino",19.16,0.27,7.23,0.18
"estados","Bahia","7a","Feminino",21.47,0.16,7.83,0.1
"estados","Ceara","7a","Feminino",31.09,0.21,12.71,0.15
"estados","Distrito Federal","7a","Feminino",23.91,0.86,8.34,0.56
"estados","Espirito Santo","7a","Feminino",23.2,0.41,8.35,0.27
"estados","Goias","7a","Feminino",26.32,0.36,10.27,0.25
"estados","Maranhao","7a","Feminino",17.62,0.18,5.8,0.11
"estados","Mato Grosso","7a","Feminino",24.32,0.45,9.42,0.3
"estados","Mato Grosso do Sul","7a","Feminino",25.24,0.46,8.96,0.3
"estados","Minas Gerais","7a","Feminino",24.57,0.17,9.58,0.12
"estados","Para","7a","Feminino",17.34,0.18,5.46,0.11
"estados","Paraiba","7a","Feminino",26.93,0.3,10.73,0.21
"estados","Parana","7a","Feminino",26.35,0.26,10.1,0.18
"estados","Pernambuco","7a","Feminino",29.41,0.25,11.86,0.17
"estados","Piaui","7a","Feminino",20.2,0.3,7.02,0.19
"estados","Rio Grande do Norte","7a","Feminino",31.83,0.41,13.29,0.3
"estados","Rio Grande do Sul","7a","Feminino",33.14,0.32,13.74,0.23
"estados","Rio de Janeiro","7a","Feminino",29.47,0.29,12.27,0.21
"estados","Rondonia","7a","Feminino",20.95,0.63,7.63,0.41
"estados","Roraima","7a","Feminino",17.98,0.79,5.6,0.47
"estados","Santa Catarina","7a","Feminino",28.35,0.48,11.2,0.34
"estados","Sao Paulo","7a","Feminino",29.93,0.2,12.42,0.14
"estados","Sergipe","7a","Feminino",24.97,0.43,9.39,0.29
"estados","Tocantins","7a","Feminino",18.13,0.43,6.23,0.27
"estados","Acre","7a","Masculino",19.55,0.82,6.15,0.5
"estados","Alagoas","7a","Masculino",24.93,0.44,11.47,0.33
"estados","Amapa","7a","Masculino",19.97,1.15,6.35,0.7
"estados","Amazonas","7a","Masculino",21.22,0.37,9.12,0.26
"estados","Bahia","7a","Masculino",21.2,0.2,8.71,0.14
"estados","Ceara","7a","Masculino",32.6,0.28,15.53,0.22
"estados","Distrito Federal","7a","Masculino",23.64,1.15,9.69,0.8
"estados","Espirito Santo","7a","Masculino",22.64,0.49,9.22,0.34
"estados","Goias","7a","Masculino",25.14,0.43,10.81,0.31
"estados","Maranhao","7a","Masculino",18.06,0.23,6.6,0.15
"estados","Mato Grosso","7a","Masculino",23.99,0.57,10.56,0.41
"estados","Mato Grosso do Sul","7a","Masculino",27.84,0.61,10.76,0.42
"estados","Minas Gerais","7a","Masculino",24.92,0.2,10.83,0.14
"estados","Para","7a","Masculino",19.08,0.25,6.85,0.16
"estados","Paraiba","7a","Masculino",27.72,0.35,12.62,0.26
"estados","Parana","7a","Masculino",28.16,0.3,12.08,0.22
"estados","Pernambuco","7a","Masculino",30.15,0.32,14.23,0.24
"estados","Piaui","7a","Masculino",20.44,0.37,8.55,0.26
"estados","Rio Grande do Norte","7a","Masculino",32.75,0.51,15.26,0.39
"estados","Rio Grande do Sul","7a","Masculino",34.05,0.36,15.35,0.28
"estados","Rio de Janeiro","7a","Masculino",29.11,0.37,13.66,0.28
"estados","Rondonia","7a","Masculino",21.03,0.82,8.68,0.57
"estados","Roraima","7a","Masculino",19.46,1.15,6.04,0.69
"estados","Santa Catarina","7a","Masculino",28.67,0.54,12.54,0.39
"estados","Sao Paulo","7a","Masculino",30.2,0.25,13.82,0.19
"estados","Sergipe","7a","Masculino",26.02,0.58,11.7,0.42
"estados","Tocantins","7a","Masculino",19.22,0.56,7.79,0.38
"estados","Acre","8a","Feminino",20.16,0.7,6.29,0.42
"estados","Alagoas","8a","Feminino",27.01,0.41,10.99,0.29
"estados","Amapa","8a","Feminino",20.2,1.2,6.32,0.73
"estados","Amazonas","8a","Feminino",19.89,0.32,6.46,0.2
"estados","Bahia","8a","Feminino",24.6,0.21,9.21,0.14
"estados","Ceara","8a","Feminino",32.87,0.26,12.86,0.18
"estados","Distrito Federal","8a","Feminino",24.85,1.12,7.7,0.69
"estados","Espirito Santo","8a","Feminino",26.36,0.53,10.79,0.37
"estados","Goias","8a","Feminino",29.52,0.45,11.89,0.32
"estados","Maranhao","8a","Feminino",19.79,0.21,6.92,0.13
"estados","Mato Grosso","8a","Feminino",27.7,0.53,11.38,0.38
"estados","Mato Grosso do Sul","8a","Feminino",26.95,0.52,9.05,0.34
"estados","Minas Gerais","8a","Feminino",26.78,0.21,10.39,0.14
"estados","Para","8a","Feminino",19.88,0.22,6.27,0.13
"estados","Paraiba","8a","Feminino",29.08,0.38,10.9,0.26
"estados","Parana","8a","Feminino",29.72,0.32,11.39,0.22
"estados","Pernambuco","8a","Feminino",31.13,0.3,12.47,0.21
"estados","Piaui","8a","Feminino",24.53,0.41,8.94,0.27
"estados","Rio Grande do Norte","8a","Feminino",34.76,0.53,14.3,0.39
"estados","Rio Grande do Sul","8a","Feminino",36.46,0.42,16.11,0.32
"estados","Rio de Janeiro","8a","Feminino",32.94,0.38,14.32,0.28
"estados","Rondonia","8a","Feminino",22.7,0.76,6.88,0.46
"estados","Roraima","8a","Feminino",23.29,1,7.12,0.61
"estados","Santa Catarina","8a","Feminino",31.24,0.57,12.74,0.41
"estados","Sao Paulo","8a","Feminino",32.23,0.25,13.49,0.18
"estados","Sergipe","8a","Feminino",28.16,0.53,10.17,0.35
"estados","Tocantins","8a","Feminino",21.82,0.52,7.68,0.33
"estados","Acre","8a","Masculino",17.78,2.15,6.35,1.37
"estados","Alagoas","8a","Masculino",25.04,0.85,11.73,0.63
"estados","Amapa","8a","Masculino",20.24,3.1,8.33,2.13
"estados","Amazonas","8a","Masculino",20.18,0.74,8.68,0.52
"estados","Bahia","8a","Masculino",22.25,0.49,9.38,0.34
"estados","Ceara","8a","Masculino",34.21,0.63,17.16,0.5
"estados","Distrito Federal","8a","Masculino",24,4.93,12,3.75
"estados","Espirito Santo","8a","Masculino",25.65,0.94,11.57,0.69
"estados","Goias","8a","Masculino",28.79,0.83,13.14,0.62
"estados","Maranhao","8a","Masculino",18.05,0.5,6.61,0.32
"estados","Mato Grosso","8a","Masculino",27.14,1.06,12.27,0.78
"estados","Mato Grosso do Sul","8a","Masculino",29.84,1.05,13.2,0.77
"estados","Minas Gerais","8a","Masculino",26.56,0.3,12.37,0.22
"estados","Para","8a","Masculino",20.65,0.59,7.85,0.39
"estados","Paraiba","8a","Masculino",27.29,0.69,12.06,0.5
"estados","Parana","8a","Masculino",29.08,0.42,13.66,0.31
"estados","Pernambuco","8a","Masculino",29.95,0.8,15.43,0.63
"estados","Piaui","8a","Masculino",21.72,0.88,10.54,0.65
"estados","Rio Grande do Norte","8a","Masculino",34.44,1.07,18.23,0.87
"estados","Rio Grande do Sul","8a","Masculino",36.96,0.57,18.02,0.46
"estados","Rio de Janeiro","8a","Masculino",30.46,0.89,14.47,0.68
"estados","Rondonia","8a","Masculino",25.45,1.56,11,1.12
"estados","Roraima","8a","Masculino",28.03,3.91,12.88,2.92
"estados","Santa Catarina","8a","Masculino",31.56,0.76,14.26,0.57
"estados","Sao Paulo","8a","Masculino",33.95,0.46,17.56,0.37
"estados","Sergipe","8a","Masculino",21.92,1.37,9.8,0.99
"estados","Tocantins","8a","Masculino",21.85,0.95,8.29,0.64
"estados","Acre","9a","Feminino",22.18,0.77,6.64,0.46
"estados","Alagoas","9a","Feminino",28.24,0.43,9.92,0.29
"estados","Amapa","9a","Feminino",23.63,1.35,8.01,0.86
"estados","Amazonas","9a","Feminino",21.17,0.34,7.06,0.22
"estados","Bahia","9a","Feminino",25.41,0.22,8.6,0.14
"estados","Ceara","9a","Feminino",33.41,0.26,11.89,0.18
"estados","Distrito Federal","9a","Feminino",24.28,1.21,7.85,0.76
"estados","Espirito Santo","9a","Feminino",28.23,0.57,10.15,0.38
"estados","Goias","9a","Feminino",30.98,0.48,11.27,0.33
"estados","Maranhao","9a","Feminino",20.8,0.22,6.35,0.13
"estados","Mato Grosso","9a","Feminino",29.52,0.56,11.1,0.39
"estados","Mato Grosso do Sul","9a","Feminino",29.24,0.56,10,0.37
"estados","Minas Gerais","9a","Feminino",28.11,0.22,10.13,0.15
"estados","Para","9a","Feminino",20.75,0.23,5.88,0.13
"estados","Paraiba","9a","Feminino",29.74,0.4,10.71,0.27
"estados","Parana","9a","Feminino",31.52,0.35,11.89,0.24
"estados","Pernambuco","9a","Feminino",31.56,0.31,11.66,0.21
"estados","Piaui","9a","Feminino",24.81,0.42,7.71,0.26
"estados","Rio Grande do Norte","9a","Feminino",34.93,0.53,13.76,0.39
"estados","Rio Grande do Sul","9a","Feminino",37.6,0.45,16.12,0.34
"estados","Rio de Janeiro","9a","Feminino",33.76,0.41,14.01,0.3
"estados","Rondonia","9a","Feminino",22.56,0.76,7.79,0.49
"estados","Roraima","9a","Feminino",26.35,1.07,8.47,0.68
"estados","Santa Catarina","9a","Feminino",31.72,0.61,12.39,0.43
"estados","Sao Paulo","9a","Feminino",33.7,0.26,13.79,0.19
"estados","Sergipe","9a","Feminino",28.68,0.54,9.6,0.35
"estados","Tocantins","9a","Feminino",22.63,0.54,7.32,0.33
"estados","Acre","9a","Masculino",20.3,2.47,8.27,1.69
"estados","Alagoas","9a","Masculino",28.86,0.97,13.1,0.72
"estados","Amapa","9a","Masculino",13.85,3.03,3.85,1.69
"estados","Amazonas","9a","Masculino",24.74,0.86,9.84,0.59
"estados","Bahia","9a","Masculino",23.95,0.57,10.34,0.41
"estados","Ceara","9a","Masculino",35.98,0.7,18.58,0.57
"estados","Distrito Federal","9a","Masculino",31.48,6.32,14.81,4.83
"estados","Espirito Santo","9a","Masculino",27.15,1.16,12.04,0.85
"estados","Goias","9a","Masculino",31.86,0.96,14.32,0.73
"estados","Maranhao","9a","Masculino",19.33,0.56,7.08,0.37
"estados","Mato Grosso","9a","Masculino",29.15,1.19,13.03,0.88
"estados","Mato Grosso do Sul","9a","Masculino",31.33,1.16,13.71,0.86
"estados","Minas Gerais","9a","Masculino",28.72,0.33,13.07,0.25
"estados","Para","9a","Masculino",22.67,0.67,9.08,0.46
"estados","Paraiba","9a","Masculino",28.81,0.79,12.74,0.58
"estados","Parana","9a","Masculino",32.2,0.48,15.42,0.37
"estados","Pernambuco","9a","Masculino",31.3,0.92,15.63,0.72
"estados","Piaui","9a","Masculino",25.92,1.04,12.46,0.78
"estados","Rio Grande do Norte","9a","Masculino",35.96,1.19,18.01,0.95
"estados","Rio Grande do Sul","9a","Masculino",40.4,0.64,21,0.53
"estados","Rio de Janeiro","9a","Masculino",31.22,1.02,16.07,0.81
"estados","Rondonia","9a","Masculino",26.6,1.72,12.61,1.29
"estados","Roraima","9a","Masculino",33.05,4.33,16.1,3.38
"estados","Santa Catarina","9a","Masculino",33.75,0.84,16.19,0.65
"estados","Sao Paulo","9a","Masculino",36.1,0.53,19.03,0.43
"estados","Sergipe","9a","Masculino",25.03,1.51,10.4,1.06
"estados","Tocantins","9a","Masculino",22.39,1.05,9.11,0.72
"raca","Amarela","0 - 5m","Feminino",12.45,2.09,6.02,1.51
"raca","Branca","0 - 5m","Feminino",6.45,0.12,1.85,0.06
"raca","Indígena","0 - 5m","Feminino",15.66,2.17,4.63,1.25
"raca","NI","0 - 5m","Feminino",9.28,0.43,2.81,0.24
"raca","Parda","0 - 5m","Feminino",10.66,0.13,3.53,0.08
"raca","Preta","0 - 5m","Feminino",9.23,0.4,2.91,0.23
"raca","Amarela","0 - 5m","Masculino",11.64,2.11,2.16,0.95
"raca","Branca","0 - 5m","Masculino",7.75,0.13,2.28,0.07
"raca","Indígena","0 - 5m","Masculino",16.61,2.12,4.89,1.23
"raca","NI","0 - 5m","Masculino",9.96,0.44,3.13,0.25
"raca","Parda","0 - 5m","Masculino",12.62,0.14,4.27,0.08
"raca","Preta","0 - 5m","Masculino",10.29,0.4,3.43,0.24
"raca","Amarela","06 - 11m","Feminino",19.13,1.41,6.8,0.9
"raca","Branca","06 - 11m","Feminino",13.17,0.11,3.9,0.06
"raca","Indígena","06 - 11m","Feminino",18.68,0.84,6.44,0.53
"raca","NI","06 - 11m","Feminino",17.21,0.32,5.98,0.2
"raca","Parda","06 - 11m","Feminino",18.62,0.09,6.47,0.05
"raca","Preta","06 - 11m","Feminino",16.74,0.29,5.6,0.18
"raca","Amarela","06 - 11m","Masculino",18.6,1.44,4.65,0.78
"raca","Branca","06 - 11m","Masculino",14.96,0.12,4.73,0.07
"raca","Indígena","06 - 11m","Masculino",20.96,0.86,6.7,0.53
"raca","NI","06 - 11m","Masculino",18.71,0.33,6.42,0.21
"raca","Parda","06 - 11m","Masculino",20.6,0.09,7.38,0.06
"raca","Preta","06 - 11m","Masculino",18.37,0.3,6.23,0.19
"raca","Amarela","12 - 17m","Feminino",20.02,1.11,6.54,0.69
"raca","Branca","12 - 17m","Feminino",16.69,0.1,4.79,0.06
"raca","Indígena","12 - 17m","Feminino",18.5,0.58,5.21,0.33
"raca","NI","12 - 17m","Feminino",18.95,0.27,6.13,0.16
"raca","Parda","12 - 17m","Feminino",19.83,0.07,6.57,0.04
"raca","Preta","12 - 17m","Feminino",18.36,0.24,5.9,0.15
"raca","Amarela","12 - 17m","Masculino",20.98,1.18,7.53,0.77
"raca","Branca","12 - 17m","Masculino",18.16,0.1,5.53,0.06
"raca","Indígena","12 - 17m","Masculino",19.19,0.59,5.61,0.34
"raca","NI","12 - 17m","Masculino",20.32,0.27,6.94,0.17
"raca","Parda","12 - 17m","Masculino",21.23,0.07,7.28,0.04
"raca","Preta","12 - 17m","Masculino",19.73,0.25,6.72,0.16
"raca","Amarela","18 - 23m","Feminino",16.44,0.9,5.12,0.54
"raca","Branca","18 - 23m","Feminino",16.67,0.09,4.84,0.05
"raca","Indígena","18 - 23m","Feminino",16.3,0.46,4.69,0.26
"raca","NI","18 - 23m","Feminino",17.91,0.23,5.58,0.14
"raca","Parda","18 - 23m","Feminino",18.19,0.06,5.86,0.04
"raca","Preta","18 - 23m","Feminino",17.31,0.21,5.31,0.12
"raca","Amarela","18 - 23m","Masculino",17.49,0.93,7.01,0.62
"raca","Branca","18 - 23m","Masculino",18.02,0.09,5.48,0.05
"raca","Indígena","18 - 23m","Masculino",17.96,0.48,5.14,0.27
"raca","NI","18 - 23m","Masculino",19.13,0.23,6.49,0.15
"raca","Parda","18 - 23m","Masculino",19.45,0.06,6.6,0.04
"raca","Preta","18 - 23m","Masculino",18.98,0.22,6.19,0.13
"raca","Amarela","2a","Feminino",13.45,0.6,4.27,0.36
"raca","Branca","2a","Feminino",13.47,0.06,4.26,0.03
"raca","Indígena","2a","Feminino",12.55,0.29,3.66,0.16
"raca","NI","2a","Feminino",13.38,0.15,4.45,0.09
"raca","Parda","2a","Feminino",13.31,0.04,4.44,0.02
"raca","Preta","2a","Feminino",13.31,0.14,4.34,0.08
"raca","Amarela","2a","Masculino",14.54,0.63,4.34,0.36
"raca","Branca","2a","Masculino",14.31,0.06,4.68,0.04
"raca","Indígena","2a","Masculino",14.58,0.31,4.3,0.18
"raca","NI","2a","Masculino",14.35,0.15,5.13,0.09
"raca","Parda","2a","Masculino",14.59,0.04,5.14,0.02
"raca","Preta","2a","Masculino",14.48,0.14,4.91,0.09
"raca","Amarela","3a","Feminino",10.23,0.5,3.62,0.31
"raca","Branca","3a","Feminino",11.92,0.05,3.83,0.03
"raca","Indígena","3a","Feminino",9.57,0.24,2.45,0.13
"raca","NI","3a","Feminino",11.13,0.12,3.76,0.07
"raca","Parda","3a","Feminino",10.67,0.03,3.47,0.02
"raca","Preta","3a","Feminino",10.8,0.12,3.67,0.07
"raca","Amarela","3a","Masculino",12.12,0.54,4.8,0.35
"raca","Branca","3a","Masculino",13.18,0.05,4.74,0.03
"raca","Indígena","3a","Masculino",12.89,0.27,3.45,0.15
"raca","NI","3a","Masculino",12.61,0.13,4.74,0.08
"raca","Parda","3a","Masculino",12.27,0.03,4.52,0.02
"raca","Preta","3a","Masculino",12.43,0.13,4.45,0.08
"raca","Amarela","4a","Feminino",8.7,0.46,3.09,0.28
"raca","Branca","4a","Feminino",10.16,0.05,3.55,0.03
"raca","Indígena","4a","Feminino",6.25,0.2,1.5,0.1
"raca","NI","4a","Feminino",9.26,0.11,3.15,0.07
"raca","Parda","4a","Feminino",8.37,0.03,2.86,0.02
"raca","Preta","4a","Feminino",8.96,0.12,3.17,0.07
"raca","Amarela","4a","Masculino",9.65,0.47,3.74,0.3
"raca","Branca","4a","Masculino",11.87,0.05,4.45,0.03
"raca","Indígena","4a","Masculino",9.19,0.24,2.5,0.13
"raca","NI","4a","Masculino",10.85,0.12,4,0.08
"raca","Parda","4a","Masculino",10.16,0.03,3.79,0.02
"raca","Preta","4a","Masculino",10.35,0.13,3.91,0.08
"raca","Amarela","5a","Feminino",19.59,0.64,7.14,0.42
"raca","Branca","5a","Feminino",25.24,0.07,9.79,0.04
"raca","Indígena","5a","Feminino",20.88,0.35,5.2,0.19
"raca","NI","5a","Feminino",22.9,0.16,8.76,0.11
"raca","Parda","5a","Feminino",20.91,0.04,7.87,0.03
"raca","Preta","5a","Feminino",22.23,0.19,8.64,0.13
"raca","Amarela","5a","Masculino",25.29,0.7,10.07,0.48
"raca","Branca","5a","Masculino",29.05,0.07,11.92,0.05
"raca","Indígena","5a","Masculino",28.16,0.4,7.59,0.23
"raca","NI","5a","Masculino",26.13,0.17,10.74,0.12
"raca","Parda","5a","Masculino",24.48,0.05,9.84,0.03
"raca","Preta","5a","Masculino",25.05,0.2,10.11,0.14
"raca","Amarela","6a","Feminino",19.55,0.68,6.55,0.43
"raca","Branca","6a","Feminino",25.58,0.07,9.91,0.05
"raca","Indígena","6a","Feminino",21.04,0.4,5.35,0.22
"raca","NI","6a","Feminino",23.49,0.17,8.98,0.12
"raca","Parda","6a","Feminino",21.22,0.05,7.96,0.03
"raca","Preta","6a","Feminino",23.22,0.24,8.9,0.16
"raca","Amarela","6a","Masculino",21.24,0.71,8.88,0.49
"raca","Branca","6a","Masculino",27.87,0.08,12.03,0.05
"raca","Indígena","6a","Masculino",27.37,0.46,7.92,0.28
"raca","NI","6a","Masculino",25.46,0.18,11.24,0.13
"raca","Parda","6a","Masculino",23.55,0.05,10,0.04
"raca","Preta","6a","Masculino",24.44,0.25,10.24,0.17
"raca","Amarela","7a","Feminino",21.6,1.11,7.95,0.73
"raca","Branca","7a","Feminino",27.73,0.1,11.01,0.07
"raca","Indígena","7a","Feminino",21.17,0.57,5.55,0.32
"raca","NI","7a","Feminino",25.57,0.27,10.09,0.19
"raca","Parda","7a","Feminino",23.26,0.07,8.8,0.05
"raca","Preta","7a","Feminino",25.2,0.4,9.94,0.28
"raca","Amarela","7a","Masculino",24.6,1.37,9.62,0.94
"raca","Branca","7a","Masculino",28.67,0.12,12.8,0.09
"raca","Indígena","7a","Masculino",25.19,0.8,7.58,0.49
"raca","NI","7a","Masculino",26.31,0.33,11.44,0.24
"raca","Parda","7a","Masculino",23.85,0.09,10.25,0.06
"raca","Preta","7a","Masculino",24.85,0.46,10.66,0.33
"raca","Amarela","8a","Feminino",26.58,1.42,11.11,1.01
"raca","Branca","8a","Feminino",30.26,0.12,12.06,0.09
"raca","Indígena","8a","Feminino",22.81,0.71,6.2,0.41
"raca","NI","8a","Feminino",28.84,0.34,11.92,0.25
"raca","Parda","8a","Feminino",25.47,0.09,9.54,0.06
"raca","Preta","8a","Feminino",27.77,0.5,11.25,0.35
"raca","Amarela","8a","Masculino",20.97,2.31,6.45,1.4
"raca","Branca","8a","Masculino",30.6,0.21,14.73,0.16
"raca","Indígena","8a","Masculino",23.53,2.66,8.24,1.72
"raca","NI","8a","Masculino",28.64,0.66,13.83,0.5
"raca","Parda","8a","Masculino",25.09,0.19,11.26,0.14
"raca","Preta","8a","Masculino",28.2,0.86,13.24,0.65
"raca","Amarela","9a","Feminino",26.62,1.36,7.43,0.8
"raca","Branca","9a","Feminino",31.24,0.13,11.8,0.09
"raca","Indígena","9a","Feminino",24.78,0.78,7.46,0.48
"raca","NI","9a","Feminino",30.42,0.36,11.17,0.24
"raca","Parda","9a","Feminino",26.36,0.09,9.12,0.06
"raca","Preta","9a","Feminino",29.02,0.51,10.91,0.35
"raca","Amarela","9a","Masculino",28.97,2.86,11.51,2.01
"raca","Branca","9a","Masculino",33.02,0.23,16.09,0.18
"raca","Indígena","9a","Masculino",25.27,2.63,9.89,1.81
"raca","NI","9a","Masculino",31.12,0.74,14.77,0.57
"raca","Parda","9a","Masculino",27.03,0.21,12.22,0.16
"raca","Preta","9a","Masculino",30.31,0.98,14.03,0.74
